{
    "batch_size": 256,
    "learning_rate": [
        0.0010000000474974513
    ],
    "nb_epoch": 10,
    "optimizer": {
        "amsgrad": false,
        "beta_1": 0.8999999761581421,
        "beta_2": 0.9990000128746033,
        "decay": 0.0,
        "epsilon": 1e-08,
        "lr": 0.0010000000474974513
    },
    "test_loss": [
        [
            6.161543140411377,
            0.1193
        ]
    ],
    "train_loss": [
        [
            1.5913439989089966,
            0.46930041909217834
        ]
    ]
}